aalii : Aani:4, aardvark:6, aardwolf:5, Aaron:2, Aaronic:4, Aaronical:7, Aaronite:4, Aaronitic:6, Aaru:2, Ababdeh:2, Ababua:4, abac:4, abaca:6, abacate:6, abacay:6, abacinate:8, abacination:10, abaciscus:6, abacist:6, aback:4, abactinal:9, abactinally:10, abaction:6, abactor:4, abaculus:5, abacus:4, Abadite:4, abaff:4, abaft:4, abaisance:8, abaiser:6, abaissed:6, abalienate:9, abalienation:11, abalone:5, Abama:4, abampere:4, abandon:4, abandonable:7, abandoned:4, abandonedly:5, abandonee:4, 
Aani : aalii:4, aardvark:3, aardwolf:2, Aaron:3, Aaronic:4, Aaronical:5, Aaronite:4, Aaronitic:5, Aaru:2, Ababdeh:2, Ababua:3, abac:2, abaca:3, abacate:3, abacay:3, abacinate:5, abacination:7, abaciscus:3, abacist:3, aback:2, abactinal:5, abactinally:5, abaction:4, abactor:2, abaculus:2, abacus:2, Abadite:3, abaff:2, abaft:2, abaisance:5, abaiser:3, abaissed:3, abalienate:5, abalienation:7, abalone:3, Abama:3, abampere:2, abandon:4, abandonable:5, abandoned:4, abandonedly:4, abandonee:4, 
aardvark : aalii:6, Aani:3, aardwolf:9, Aaron:5, Aaronic:5, Aaronical:8, Aaronite:5, Aaronitic:5, Aaru:5, Ababdeh:4, Ababua:6, abac:6, abaca:9, abacate:9, abacay:9, abacinate:9, abacination:9, abaciscus:6, abacist:6, aback:7, abactinal:9, abactinally:9, abaction:6, abactor:8, abaculus:6, abacus:6, Abadite:4, abaff:6, abaft:6, abaisance:9, abaiser:8, abaissed:7, abalienate:9, abalienation:9, abalone:6, Abama:6, abampere:8, abandon:7, abandonable:10, abandoned:8, abandonedly:8, abandonee:7, 
aardwolf : aalii:5, Aani:2, aardvark:9, Aaron:4, Aaronic:4, Aaronical:7, Aaronite:4, Aaronitic:4, Aaru:3, Ababdeh:3, Ababua:4, abac:4, abaca:6, abacate:6, abacay:6, abacinate:6, abacination:7, abaciscus:4, abacist:4, aback:4, abactinal:7, abactinally:8, abaction:5, abactor:6, abaculus:5, abacus:4, Abadite:3, abaff:6, abaft:5, abaisance:6, abaiser:5, abaissed:5, abalienate:7, abalienation:8, abalone:6, Abama:4, abampere:5, abandon:6, abandonable:9, abandoned:7, abandonedly:8, abandonee:6, 
Aaron : aalii:2, Aani:3, aardvark:5, aardwolf:4, Aaronic:5, Aaronical:6, Aaronite:5, Aaronitic:5, Aaru:3, Ababdeh:2, Ababua:3, abac:2, abaca:3, abacate:3, abacay:3, abacinate:4, abacination:6, abaciscus:2, abacist:2, aback:2, abactinal:4, abactinally:4, abaction:4, abactor:4, abaculus:2, abacus:2, Abadite:2, abaff:2, abaft:2, abaisance:4, abaiser:3, abaissed:2, abalienate:4, abalienation:6, abalone:4, Abama:3, abampere:3, abandon:5, abandonable:6, abandoned:5, abandonedly:5, abandonee:5, 
Aaronic : aalii:4, Aani:4, aardvark:5, aardwolf:4, Aaron:5, Aaronical:8, Aaronite:6, Aaronitic:8, Aaru:3, Ababdeh:2, Ababua:3, abac:3, abaca:4, abacate:4, abacay:4, abacinate:6, abacination:9, abaciscus:5, abacist:4, aback:3, abactinal:6, abactinally:6, abaction:6, abactor:5, abaculus:3, abacus:3, Abadite:3, abaff:2, abaft:2, abaisance:6, abaiser:4, abaissed:3, abalienate:5, abalienation:8, abalone:4, Abama:3, abampere:3, abandon:5, abandonable:6, abandoned:5, abandonedly:5, abandonee:5, 
Aaronical : aalii:7, Aani:5, aardvark:8, aardwolf:7, Aaron:6, Aaronic:8, Aaronite:7, Aaronitic:9, Aaru:4, Ababdeh:3, Ababua:5, abac:5, abaca:7, abacate:7, abacay:7, abacinate:9, abacination:12, abaciscus:7, abacist:6, aback:5, abactinal:10, abactinally:11, abaction:8, abactor:7, abaculus:6, abacus:5, Abadite:4, abaff:4, abaft:4, abaisance:9, abaiser:6, abaissed:5, abalienate:9, abalienation:12, abalone:7, Abama:5, abampere:5, abandon:7, abandonable:10, abandoned:7, abandonedly:8, abandonee:7, 
Aaronite : aalii:4, Aani:4, aardvark:5, aardwolf:4, Aaron:5, Aaronic:6, Aaronical:7, Aaronitic:8, Aaru:3, Ababdeh:3, Ababua:3, abac:2, abaca:3, abacate:5, abacay:3, abacinate:7, abacination:9, abaciscus:3, abacist:4, aback:2, abactinal:6, abactinally:6, abaction:6, abactor:5, abaculus:2, abacus:2, Abadite:5, abaff:2, abaft:3, abaisance:6, abaiser:5, abaissed:4, abalienate:8, abalienation:10, abalone:5, Abama:3, abampere:5, abandon:5, abandonable:7, abandoned:6, abandonedly:6, abandonee:7, 
Aaronitic : aalii:6, Aani:5, aardvark:5, aardwolf:4, Aaron:5, Aaronic:8, Aaronical:9, Aaronite:8, Aaru:3, Ababdeh:2, Ababua:3, abac:3, abaca:4, abacate:5, abacay:4, abacinate:8, abacination:12, abaciscus:6, abacist:6, aback:3, abactinal:8, abactinally:8, abaction:8, abactor:6, abaculus:3, abacus:3, Abadite:5, abaff:2, abaft:3, abaisance:7, abaiser:5, abaissed:4, abalienate:7, abalienation:11, abalone:4, Abama:3, abampere:3, abandon:5, abandonable:6, abandoned:5, abandonedly:5, abandonee:5, 
Aaru : aalii:2, Aani:2, aardvark:5, aardwolf:3, Aaron:3, Aaronic:3, Aaronical:4, Aaronite:3, Aaronitic:3, Ababdeh:2, Ababua:4, abac:2, abaca:3, abacate:3, abacay:3, abacinate:3, abacination:3, abaciscus:3, abacist:2, aback:2, abactinal:3, abactinally:3, abaction:2, abactor:3, abaculus:4, abacus:3, Abadite:2, abaff:2, abaft:2, abaisance:3, abaiser:3, abaissed:2, abalienate:3, abalienation:3, abalone:2, Abama:3, abampere:3, abandon:2, abandonable:3, abandoned:2, abandonedly:2, abandonee:2, 
Ababdeh : aalii:2, Aani:2, aardvark:4, aardwolf:3, Aaron:2, Aaronic:2, Aaronical:3, Aaronite:3, Aaronitic:2, Aaru:2, Ababua:7, abac:4, abaca:5, abacate:6, abacay:5, abacinate:6, abacination:5, abaciscus:4, abacist:4, aback:4, abactinal:5, abactinally:5, abaction:4, abactor:4, abaculus:4, abacus:4, Abadite:6, abaff:4, abaft:4, abaisance:6, abaiser:5, abaissed:6, abalienate:7, abalienation:6, abalone:5, Abama:5, abampere:6, abandon:5, abandonable:9, abandoned:7, abandonedly:7, abandonee:7, 
Ababua : aalii:4, Aani:3, aardvark:6, aardwolf:4, Aaron:3, Aaronic:3, Aaronical:5, Aaronite:3, Aaronitic:3, Aaru:4, Ababdeh:7, abac:6, abaca:8, abacate:8, abacay:8, abacinate:8, abacination:8, abaciscus:7, abacist:6, aback:6, abactinal:8, abactinally:8, abaction:6, abactor:6, abaculus:8, abacus:7, Abadite:5, abaff:6, abaft:6, abaisance:8, abaiser:6, abaissed:6, abalienate:8, abalienation:8, abalone:6, Abama:7, abampere:6, abandon:6, abandonable:10, abandoned:6, abandonedly:6, abandonee:6, 
abac : aalii:4, Aani:2, aardvark:6, aardwolf:4, Aaron:2, Aaronic:3, Aaronical:5, Aaronite:2, Aaronitic:3, Aaru:2, Ababdeh:4, Ababua:6, abaca:8, abacate:8, abacay:8, abacinate:8, abacination:8, abaciscus:7, abacist:6, aback:6, abactinal:8, abactinally:8, abaction:6, abactor:6, abaculus:6, abacus:6, Abadite:3, abaff:5, abaft:5, abaisance:8, abaiser:5, abaissed:5, abalienate:7, abalienation:7, abalone:5, Abama:5, abampere:5, abandon:5, abandonable:8, abandoned:5, abandonedly:5, abandonee:5, 
abaca : aalii:6, Aani:3, aardvark:9, aardwolf:6, Aaron:3, Aaronic:4, Aaronical:7, Aaronite:3, Aaronitic:4, Aaru:3, Ababdeh:5, Ababua:8, abac:8, abacate:11, abacay:11, abacinate:11, abacination:11, abaciscus:9, abacist:8, aback:8, abactinal:11, abactinally:11, abaction:8, abactor:8, abaculus:8, abacus:8, Abadite:4, abaff:7, abaft:7, abaisance:11, abaiser:7, abaissed:7, abalienate:10, abalienation:10, abalone:7, Abama:7, abampere:7, abandon:7, abandonable:11, abandoned:7, abandonedly:7, abandonee:7, 
abacate : aalii:6, Aani:3, aardvark:9, aardwolf:6, Aaron:3, Aaronic:4, Aaronical:7, Aaronite:5, Aaronitic:5, Aaru:3, Ababdeh:6, Ababua:8, abac:8, abaca:11, abacay:11, abacinate:13, abacination:12, abaciscus:9, abacist:9, aback:8, abactinal:12, abactinally:12, abaction:9, abactor:9, abaculus:8, abacus:8, Abadite:6, abaff:7, abaft:8, abaisance:12, abaiser:8, abaissed:8, abalienate:13, abalienation:12, abalone:8, Abama:7, abampere:9, abandon:7, abandonable:12, abandoned:8, abandonedly:8, abandonee:9, 
abacay : aalii:6, Aani:3, aardvark:9, aardwolf:6, Aaron:3, Aaronic:4, Aaronical:7, Aaronite:3, Aaronitic:4, Aaru:3, Ababdeh:5, Ababua:8, abac:8, abaca:11, abacate:11, abacinate:11, abacination:11, abaciscus:9, abacist:8, aback:8, abactinal:11, abactinally:12, abaction:8, abactor:8, abaculus:8, abacus:8, Abadite:4, abaff:7, abaft:7, abaisance:11, abaiser:7, abaissed:7, abalienate:10, abalienation:10, abalone:7, Abama:7, abampere:7, abandon:7, abandonable:11, abandoned:7, abandonedly:8, abandonee:7, 
abacinate : aalii:8, Aani:5, aardvark:9, aardwolf:6, Aaron:4, Aaronic:6, Aaronical:9, Aaronite:7, Aaronitic:8, Aaru:3, Ababdeh:6, Ababua:8, abac:8, abaca:11, abacate:13, abacay:11, abacination:16, abaciscus:10, abacist:10, aback:8, abactinal:14, abactinally:14, abaction:11, abactor:9, abaculus:8, abacus:8, Abadite:7, abaff:7, abaft:8, abaisance:14, abaiser:9, abaissed:9, abalienate:15, abalienation:16, abalone:9, Abama:7, abampere:9, abandon:9, abandonable:14, abandoned:10, abandonedly:10, abandonee:11, 
abacination : aalii:10, Aani:7, aardvark:9, aardwolf:7, Aaron:6, Aaronic:9, Aaronical:12, Aaronite:9, Aaronitic:12, Aaru:3, Ababdeh:5, Ababua:8, abac:8, abaca:11, abacate:12, abacay:11, abacinate:16, abaciscus:11, abacist:11, aback:8, abactinal:16, abactinally:16, abaction:14, abactor:10, abaculus:8, abacus:8, Abadite:7, abaff:7, abaft:8, abaisance:15, abaiser:9, abaissed:9, abalienate:15, abalienation:20, abalone:10, Abama:7, abampere:7, abandon:12, abandonable:16, abandoned:12, abandonedly:12, abandonee:12, 
abaciscus : aalii:6, Aani:3, aardvark:6, aardwolf:4, Aaron:2, Aaronic:5, Aaronical:7, Aaronite:3, Aaronitic:6, Aaru:3, Ababdeh:4, Ababua:7, abac:7, abaca:9, abacate:9, abacay:9, abacinate:10, abacination:11, abacist:10, aback:7, abactinal:10, abactinally:10, abaction:8, abactor:7, abaculus:11, abacus:10, Abadite:4, abaff:5, abaft:5, abaisance:12, abaiser:8, abaissed:10, abalienate:8, abalienation:9, abalone:5, Abama:5, abampere:5, abandon:5, abandonable:8, abandoned:5, abandonedly:5, abandonee:5, 
abacist : aalii:6, Aani:3, aardvark:6, aardwolf:4, Aaron:2, Aaronic:4, Aaronical:6, Aaronite:4, Aaronitic:6, Aaru:2, Ababdeh:4, Ababua:6, abac:6, abaca:8, abacate:9, abacay:8, abacinate:10, abacination:11, abaciscus:10, aback:6, abactinal:10, abactinally:10, abaction:8, abactor:7, abaculus:7, abacus:7, Abadite:5, abaff:5, abaft:6, abaisance:10, abaiser:7, abaissed:8, abalienate:9, abalienation:10, abalone:5, Abama:5, abampere:5, abandon:5, abandonable:8, abandoned:5, abandonedly:5, abandonee:5, 
aback : aalii:4, Aani:2, aardvark:7, aardwolf:4, Aaron:2, Aaronic:3, Aaronical:5, Aaronite:2, Aaronitic:3, Aaru:2, Ababdeh:4, Ababua:6, abac:6, abaca:8, abacate:8, abacay:8, abacinate:8, abacination:8, abaciscus:7, abacist:6, abactinal:8, abactinally:8, abaction:6, abactor:6, abaculus:6, abacus:6, Abadite:3, abaff:5, abaft:5, abaisance:8, abaiser:5, abaissed:5, abalienate:7, abalienation:7, abalone:5, Abama:5, abampere:5, abandon:5, abandonable:8, abandoned:5, abandonedly:5, abandonee:5, 
abactinal : aalii:9, Aani:5, aardvark:9, aardwolf:7, Aaron:4, Aaronic:6, Aaronical:10, Aaronite:6, Aaronitic:8, Aaru:3, Ababdeh:5, Ababua:8, abac:8, abaca:11, abacate:12, abacay:11, abacinate:14, abacination:16, abaciscus:10, abacist:10, aback:8, abactinally:16, abaction:11, abactor:9, abaculus:9, abacus:8, Abadite:6, abaff:7, abaft:8, abaisance:13, abaiser:8, abaissed:8, abalienate:14, abalienation:16, abalone:9, Abama:7, abampere:7, abandon:9, abandonable:14, abandoned:9, abandonedly:10, abandonee:9, 
abactinally : aalii:10, Aani:5, aardvark:9, aardwolf:8, Aaron:4, Aaronic:6, Aaronical:11, Aaronite:6, Aaronitic:8, Aaru:3, Ababdeh:5, Ababua:8, abac:8, abaca:11, abacate:12, abacay:12, abacinate:14, abacination:16, abaciscus:10, abacist:10, aback:8, abactinal:16, abaction:11, abactor:9, abaculus:10, abacus:8, Abadite:6, abaff:7, abaft:8, abaisance:13, abaiser:8, abaissed:8, abalienate:15, abalienation:17, abalone:10, Abama:7, abampere:7, abandon:9, abandonable:15, abandoned:9, abandonedly:12, abandonee:9, 
abaction : aalii:6, Aani:4, aardvark:6, aardwolf:5, Aaron:4, Aaronic:6, Aaronical:8, Aaronite:6, Aaronitic:8, Aaru:2, Ababdeh:4, Ababua:6, abac:6, abaca:8, abacate:9, abacay:8, abacinate:11, abacination:14, abaciscus:8, abacist:8, aback:6, abactinal:11, abactinally:11, abactor:8, abaculus:6, abacus:6, Abadite:5, abaff:5, abaft:6, abaisance:10, abaiser:6, abaissed:6, abalienate:10, abalienation:13, abalone:7, Abama:5, abampere:5, abandon:8, abandonable:11, abandoned:8, abandonedly:8, abandonee:8, 
abactor : aalii:4, Aani:2, aardvark:8, aardwolf:6, Aaron:4, Aaronic:5, Aaronical:7, Aaronite:5, Aaronitic:6, Aaru:3, Ababdeh:4, Ababua:6, abac:6, abaca:8, abacate:9, abacay:8, abacinate:9, abacination:10, abaciscus:7, abacist:7, aback:6, abactinal:9, abactinally:9, abaction:8, abaculus:6, abacus:6, Abadite:4, abaff:5, abaft:6, abaisance:8, abaiser:6, abaissed:5, abalienate:8, abalienation:9, abalone:6, Abama:5, abampere:6, abandon:6, abandonable:9, abandoned:6, abandonedly:6, abandonee:6, 
abaculus : aalii:5, Aani:2, aardvark:6, aardwolf:5, Aaron:2, Aaronic:3, Aaronical:6, Aaronite:2, Aaronitic:3, Aaru:4, Ababdeh:4, Ababua:8, abac:6, abaca:8, abacate:8, abacay:8, abacinate:8, abacination:8, abaciscus:11, abacist:7, aback:6, abactinal:9, abactinally:10, abaction:6, abactor:6, abacus:9, Abadite:3, abaff:5, abaft:5, abaisance:9, abaiser:6, abaissed:7, abalienate:8, abalienation:8, abalone:6, Abama:5, abampere:5, abandon:5, abandonable:9, abandoned:5, abandonedly:6, abandonee:5, 
abacus : aalii:4, Aani:2, aardvark:6, aardwolf:4, Aaron:2, Aaronic:3, Aaronical:5, Aaronite:2, Aaronitic:3, Aaru:3, Ababdeh:4, Ababua:7, abac:6, abaca:8, abacate:8, abacay:8, abacinate:8, abacination:8, abaciscus:10, abacist:7, aback:6, abactinal:8, abactinally:8, abaction:6, abactor:6, abaculus:9, Abadite:3, abaff:5, abaft:5, abaisance:9, abaiser:6, abaissed:7, abalienate:7, abalienation:7, abalone:5, Abama:5, abampere:5, abandon:5, abandonable:8, abandoned:5, abandonedly:5, abandonee:5, 
Abadite : aalii:4, Aani:3, aardvark:4, aardwolf:3, Aaron:2, Aaronic:3, Aaronical:4, Aaronite:5, Aaronitic:5, Aaru:2, Ababdeh:6, Ababua:5, abac:3, abaca:4, abacate:6, abacay:4, abacinate:7, abacination:7, abaciscus:4, abacist:5, aback:3, abactinal:6, abactinally:6, abaction:5, abactor:4, abaculus:3, abacus:3, abaff:3, abaft:4, abaisance:6, abaiser:5, abaissed:6, abalienate:8, abalienation:8, abalone:4, Abama:4, abampere:5, abandon:4, abandonable:7, abandoned:6, abandonedly:6, abandonee:6, 
abaff : aalii:4, Aani:2, aardvark:6, aardwolf:6, Aaron:2, Aaronic:2, Aaronical:4, Aaronite:2, Aaronitic:2, Aaru:2, Ababdeh:4, Ababua:6, abac:5, abaca:7, abacate:7, abacay:7, abacinate:7, abacination:7, abaciscus:5, abacist:5, aback:5, abactinal:7, abactinally:7, abaction:5, abactor:5, abaculus:5, abacus:5, Abadite:3, abaft:7, abaisance:7, abaiser:5, abaissed:5, abalienate:7, abalienation:7, abalone:5, Abama:5, abampere:5, abandon:5, abandonable:8, abandoned:5, abandonedly:5, abandonee:5, 
abaft : aalii:4, Aani:2, aardvark:6, aardwolf:5, Aaron:2, Aaronic:2, Aaronical:4, Aaronite:3, Aaronitic:3, Aaru:2, Ababdeh:4, Ababua:6, abac:5, abaca:7, abacate:8, abacay:7, abacinate:8, abacination:8, abaciscus:5, abacist:6, aback:5, abactinal:8, abactinally:8, abaction:6, abactor:6, abaculus:5, abacus:5, Abadite:4, abaff:7, abaisance:7, abaiser:5, abaissed:5, abalienate:8, abalienation:8, abalone:5, Abama:5, abampere:5, abandon:5, abandonable:8, abandoned:5, abandonedly:5, abandonee:5, 
abaisance : aalii:8, Aani:5, aardvark:9, aardwolf:6, Aaron:4, Aaronic:6, Aaronical:9, Aaronite:6, Aaronitic:7, Aaru:3, Ababdeh:6, Ababua:8, abac:8, abaca:11, abacate:12, abacay:11, abacinate:14, abacination:15, abaciscus:12, abacist:10, aback:8, abactinal:13, abactinally:13, abaction:10, abactor:8, abaculus:9, abacus:9, Abadite:6, abaff:7, abaft:7, abaiser:10, abaissed:11, abalienate:14, abalienation:15, abalone:9, Abama:7, abampere:9, abandon:9, abandonable:14, abandoned:10, abandonedly:10, abandonee:11, 
abaiser : aalii:6, Aani:3, aardvark:8, aardwolf:5, Aaron:3, Aaronic:4, Aaronical:6, Aaronite:5, Aaronitic:5, Aaru:3, Ababdeh:5, Ababua:6, abac:5, abaca:7, abacate:8, abacay:7, abacinate:9, abacination:9, abaciscus:8, abacist:7, aback:5, abactinal:8, abactinally:8, abaction:6, abactor:6, abaculus:6, abacus:6, Abadite:5, abaff:5, abaft:5, abaisance:10, abaissed:9, abalienate:10, abalienation:10, abalone:6, Abama:5, abampere:8, abandon:5, abandonable:9, abandoned:6, abandonedly:6, abandonee:7, 
abaissed : aalii:6, Aani:3, aardvark:7, aardwolf:5, Aaron:2, Aaronic:3, Aaronical:5, Aaronite:4, Aaronitic:4, Aaru:2, Ababdeh:6, Ababua:6, abac:5, abaca:7, abacate:8, abacay:7, abacinate:9, abacination:9, abaciscus:10, abacist:8, aback:5, abactinal:8, abactinally:8, abaction:6, abactor:5, abaculus:7, abacus:7, Abadite:6, abaff:5, abaft:5, abaisance:11, abaiser:9, abalienate:10, abalienation:10, abalone:6, Abama:5, abampere:7, abandon:6, abandonable:10, abandoned:8, abandonedly:8, abandonee:8, 
abalienate : aalii:9, Aani:5, aardvark:9, aardwolf:7, Aaron:4, Aaronic:5, Aaronical:9, Aaronite:8, Aaronitic:7, Aaru:3, Ababdeh:7, Ababua:8, abac:7, abaca:10, abacate:13, abacay:10, abacinate:15, abacination:15, abaciscus:8, abacist:9, aback:7, abactinal:14, abactinally:15, abaction:10, abactor:8, abaculus:8, abacus:7, Abadite:8, abaff:7, abaft:8, abaisance:14, abaiser:10, abaissed:10, abalienation:18, abalone:11, Abama:7, abampere:11, abandon:9, abandonable:16, abandoned:11, abandonedly:12, abandonee:13, 
abalienation : aalii:11, Aani:7, aardvark:9, aardwolf:8, Aaron:6, Aaronic:8, Aaronical:12, Aaronite:10, Aaronitic:11, Aaru:3, Ababdeh:6, Ababua:8, abac:7, abaca:10, abacate:12, abacay:10, abacinate:16, abacination:20, abaciscus:9, abacist:10, aback:7, abactinal:16, abactinally:17, abaction:13, abactor:9, abaculus:8, abacus:7, Abadite:8, abaff:7, abaft:8, abaisance:15, abaiser:10, abaissed:10, abalienate:18, abalone:12, Abama:7, abampere:9, abandon:12, abandonable:18, abandoned:13, abandonedly:14, abandonee:14, 
abalone : aalii:5, Aani:3, aardvark:6, aardwolf:6, Aaron:4, Aaronic:4, Aaronical:7, Aaronite:5, Aaronitic:4, Aaru:2, Ababdeh:5, Ababua:6, abac:5, abaca:7, abacate:8, abacay:7, abacinate:9, abacination:10, abaciscus:5, abacist:5, aback:5, abactinal:9, abactinally:10, abaction:7, abactor:6, abaculus:6, abacus:5, Abadite:4, abaff:5, abaft:5, abaisance:9, abaiser:6, abaissed:6, abalienate:11, abalienation:12, Abama:5, abampere:7, abandon:8, abandonable:13, abandoned:9, abandonedly:10, abandonee:10, 
Abama : aalii:4, Aani:3, aardvark:6, aardwolf:4, Aaron:3, Aaronic:3, Aaronical:5, Aaronite:3, Aaronitic:3, Aaru:3, Ababdeh:5, Ababua:7, abac:5, abaca:7, abacate:7, abacay:7, abacinate:7, abacination:7, abaciscus:5, abacist:5, aback:5, abactinal:7, abactinally:7, abaction:5, abactor:5, abaculus:5, abacus:5, Abadite:4, abaff:5, abaft:5, abaisance:7, abaiser:5, abaissed:5, abalienate:7, abalienation:7, abalone:5, abampere:6, abandon:5, abandonable:8, abandoned:5, abandonedly:5, abandonee:5, 
abampere : aalii:4, Aani:2, aardvark:8, aardwolf:5, Aaron:3, Aaronic:3, Aaronical:5, Aaronite:5, Aaronitic:3, Aaru:3, Ababdeh:6, Ababua:6, abac:5, abaca:7, abacate:9, abacay:7, abacinate:9, abacination:7, abaciscus:5, abacist:5, aback:5, abactinal:7, abactinally:7, abaction:5, abactor:6, abaculus:5, abacus:5, Abadite:5, abaff:5, abaft:5, abaisance:9, abaiser:8, abaissed:7, abalienate:11, abalienation:9, abalone:7, Abama:6, abandon:5, abandonable:10, abandoned:7, abandonedly:7, abandonee:9, 
abandon : aalii:4, Aani:4, aardvark:7, aardwolf:6, Aaron:5, Aaronic:5, Aaronical:7, Aaronite:5, Aaronitic:5, Aaru:2, Ababdeh:5, Ababua:6, abac:5, abaca:7, abacate:7, abacay:7, abacinate:9, abacination:12, abaciscus:5, abacist:5, aback:5, abactinal:9, abactinally:9, abaction:8, abactor:6, abaculus:5, abacus:5, Abadite:4, abaff:5, abaft:5, abaisance:9, abaiser:5, abaissed:6, abalienate:9, abalienation:12, abalone:8, Abama:5, abampere:5, abandonable:14, abandoned:12, abandonedly:12, abandonee:11, 
abandonable : aalii:7, Aani:5, aardvark:10, aardwolf:9, Aaron:6, Aaronic:6, Aaronical:10, Aaronite:7, Aaronitic:6, Aaru:3, Ababdeh:9, Ababua:10, abac:8, abaca:11, abacate:12, abacay:11, abacinate:14, abacination:16, abaciscus:8, abacist:8, aback:8, abactinal:14, abactinally:15, abaction:11, abactor:9, abaculus:9, abacus:8, Abadite:7, abaff:8, abaft:8, abaisance:14, abaiser:9, abaissed:10, abalienate:16, abalienation:18, abalone:13, Abama:8, abampere:10, abandon:14, abandoned:16, abandonedly:17, abandonee:16, 
abandoned : aalii:4, Aani:4, aardvark:8, aardwolf:7, Aaron:5, Aaronic:5, Aaronical:7, Aaronite:6, Aaronitic:5, Aaru:2, Ababdeh:7, Ababua:6, abac:5, abaca:7, abacate:8, abacay:7, abacinate:10, abacination:12, abaciscus:5, abacist:5, aback:5, abactinal:9, abactinally:9, abaction:8, abactor:6, abaculus:5, abacus:5, Abadite:6, abaff:5, abaft:5, abaisance:10, abaiser:6, abaissed:8, abalienate:11, abalienation:13, abalone:9, Abama:5, abampere:7, abandon:12, abandonable:16, abandonedly:15, abandonee:14, 
abandonedly : aalii:5, Aani:4, aardvark:8, aardwolf:8, Aaron:5, Aaronic:5, Aaronical:8, Aaronite:6, Aaronitic:5, Aaru:2, Ababdeh:7, Ababua:6, abac:5, abaca:7, abacate:8, abacay:8, abacinate:10, abacination:12, abaciscus:5, abacist:5, aback:5, abactinal:10, abactinally:12, abaction:8, abactor:6, abaculus:6, abacus:5, Abadite:6, abaff:5, abaft:5, abaisance:10, abaiser:6, abaissed:8, abalienate:12, abalienation:14, abalone:10, Abama:5, abampere:7, abandon:12, abandonable:17, abandoned:15, abandonee:14, 
abandonee : aalii:4, Aani:4, aardvark:7, aardwolf:6, Aaron:5, Aaronic:5, Aaronical:7, Aaronite:7, Aaronitic:5, Aaru:2, Ababdeh:7, Ababua:6, abac:5, abaca:7, abacate:9, abacay:7, abacinate:11, abacination:12, abaciscus:5, abacist:5, aback:5, abactinal:9, abactinally:9, abaction:8, abactor:6, abaculus:5, abacus:5, Abadite:6, abaff:5, abaft:5, abaisance:11, abaiser:7, abaissed:8, abalienate:13, abalienation:14, abalone:10, Abama:5, abampere:9, abandon:11, abandonable:16, abandoned:14, abandonedly:14, 
